<?xml version="1.0" encoding="UTF-8" standalone="yes"?>
<addon id="repository.jatin 55" name="repository.jatin55" version="0.0.1" provider-name="jatin">
	<extension point="xbmc.addon.repository" name="repository.jatin55">
		<dir>
			<info compressed="false">https://raw.githubusercontent.com/totalrevolution/python-koding/master/zips/addons.xml</info>
			<checksum>https://raw.githubusercontent.com/totalrevolution/python-koding/master/zips/addons.xml.md5</checksum>
			<datadir zip="true">https://raw.githubusercontent.com/totalrevolution/python-koding/master/zips/</datadir>
		</dir>
		<info compressed="false">https://raw.githubusercontent.com/repository.jatin55/repository.jatin 55/master/zips/addons.xml</info>
		<checksum>https://raw.githubusercontent.com/repository.jatin55/repository.jatin 55/master/zips/addons.xml.md5</checksum>
		<datadir zip="true">https://raw.githubusercontent.com/repository.jatin55/repository.jatin 55/master/zips/</datadir>
	</extension>
	<extension point="xbmc.addon.metadata">
		<summary lang="en">my first repo</summary>
		<description lang="en">my first repo</description>
		<genre>movies</genre>
	</extension>
</addon>